feature_class	expected_status	last_confirmed_hash
coreir	current	sha256:1c2ea16fd3a3ce051d1e1bb355564b0df399e739ce051c0b656c824ddf8322d2;sha256:2480453ade68213c794440f302323797f850b8c92d76e3886ffe66446355a36b;sha256:bd3f2ea4e54f8943028b2f26bc06b10b5af8287678a3ec87b345118824c37815;sha256:cd429b6b7d63643333cad8beb99049905e7e994848b42c2ec85a1180f4595065;sha256:e90cd3d15c814c74b2b4529ef350dcc34cf1ddc6f3379e15c50f14570326f8cf
lowering	current	sha256:35e967e46a00e564f0e56ea95afc63b6d032496f435cf2bb87a095e9e6ea2014;sha256:46422c5fd264e49c147c5f08a436b3a92d647550be498d0db140d1966c082974;sha256:5a1da1db8155385d9ab89aa09baf519ae208525d146dd4e123b8c9a9279712c2;sha256:5e0c61d3a415d71089334d3e9f133b99958a151bc83081b7191613d15d846f33
rejection	current	sha256:2bd4f904792ad70cbca438b0b9463fe94fc2d1ec7ede553c43563e53a70306cd
runtime	incomplete	none
vm	incomplete	none
native-boundary	current	sha256:0f746de88857fdacc2fc85f6a1f255b3150e0dca758bdac8fcd3aa753a4fdfdf;sha256:3671cd9f8b63956f45f40d20e76106b933cad57f5079d3c0285aaa734368ddc2
parser	current	sha256:b1af86ef1a14129efe0e7497472d71ee23fb68fb356539de82cfb2c4335e2789
wasm	incomplete	none
aeneas-bridge	incomplete	none
