path	count	classification	owner	milestone
crates/terlan/src/benchmark/aot_compilation.rs	31	internal-helper	benchmark-errors	0.0.9
crates/terlan/src/benchmark/aot_compilation/model.rs	1	internal-helper	benchmark-errors	0.0.9
crates/terlan/src/benchmark/aot_compilation/policy.rs	7	internal-helper	benchmark-errors	0.0.9
crates/terlan/src/benchmark/binary_protocol.rs	4	internal-helper	benchmark-errors	0.0.9
crates/terlan/src/benchmark/binary_protocol_snapshot.rs	1	internal-helper	benchmark-errors	0.0.9
crates/terlan/src/benchmark/database.rs	12	internal-helper	benchmark-errors	0.0.9
crates/terlan/src/benchmark/http_and_build.rs	20	internal-helper	benchmark-errors	0.0.9
crates/terlan/src/benchmark/http_aot_performance.rs	10	internal-helper	benchmark-errors	0.0.9
crates/terlan/src/benchmark/http_aot_performance/additional_workloads.rs	5	internal-helper	benchmark-errors	0.0.9
crates/terlan/src/benchmark/http_aot_performance/benchmark_evidence.rs	1	internal-helper	benchmark-errors	0.0.9
crates/terlan/src/benchmark/http_aot_performance/harness.rs	13	internal-helper	benchmark-errors	0.0.9
crates/terlan/src/benchmark/http_aot_performance/policy.rs	10	internal-helper	benchmark-errors	0.0.9
crates/terlan/src/benchmark/http_aot_performance/report_io.rs	6	internal-helper	benchmark-errors	0.0.9
crates/terlan/src/benchmark/http_benchmark_support.rs	10	internal-helper	benchmark-errors	0.0.9
crates/terlan/src/benchmark/http_client.rs	17	internal-helper	benchmark-errors	0.0.9
crates/terlan/src/benchmark/http_framework_baseline.rs	16	internal-helper	benchmark-errors	0.0.9
crates/terlan/src/benchmark/http_paired_benchmark.rs	9	internal-helper	benchmark-errors	0.0.9
crates/terlan/src/benchmark/http_paired_benchmark/statistics.rs	8	internal-helper	benchmark-errors	0.0.9
crates/terlan/src/benchmark/map_workloads.rs	20	internal-helper	benchmark-errors	0.0.9
crates/terlan/src/benchmark/measurement.rs	4	internal-helper	benchmark-errors	0.0.9
crates/terlan/src/benchmark/persistent_actor.rs	16	internal-helper	benchmark-errors	0.0.9
crates/terlan/src/benchmark/runtime_workloads.rs	13	internal-helper	benchmark-errors	0.0.9
crates/terlan/src/commands/api/mod.rs	8	internal-helper	command-errors	0.0.9
crates/terlan/src/commands/artifacts.rs	8	internal-helper	command-errors	0.0.9
crates/terlan/src/commands/bind/c_abi_binding_generator/generator.rs	3	internal-helper	command-errors	0.0.9
crates/terlan/src/commands/bind/c_abi_binding_generator/generator/adapter_rendering.rs	2	internal-helper	command-errors	0.0.9
crates/terlan/src/commands/bind/c_abi_binding_generator/generator/binding_validation.rs	8	internal-helper	command-errors	0.0.9
crates/terlan/src/commands/bind/c_abi_binding_generator/generator/consumer_output.rs	20	internal-helper	command-errors	0.0.9
crates/terlan/src/commands/bind/c_abi_binding_generator/generator/input_validation.rs	7	internal-helper	command-errors	0.0.9
crates/terlan/src/commands/bind/c_abi_binding_generator/generator/safe_wrapper_rendering.rs	2	internal-helper	command-errors	0.0.9
crates/terlan/src/commands/bind/c_abi_binding_generator/generator/safe_wrapper_rendering/ffi_types.rs	1	internal-helper	command-errors	0.0.9
crates/terlan/src/commands/bind/c_abi_binding_generator/generator/safe_wrapper_rendering/raw_ffi.rs	1	internal-helper	command-errors	0.0.9
crates/terlan/src/commands/bind/c_abi_binding_generator/generator/shape_validation.rs	9	internal-helper	command-errors	0.0.9
crates/terlan/src/commands/bind/c_abi_binding_generator/generator/shape_validation/input_validation.rs	5	internal-helper	command-errors	0.0.9
crates/terlan/src/commands/bind/c_abi_binding_generator/generator/worker_rendering.rs	2	internal-helper	command-errors	0.0.9
crates/terlan/src/commands/bind/c_abi_binding_generator/generator/worker_rendering/argument_rendering.rs	1	internal-helper	command-errors	0.0.9
crates/terlan/src/commands/bind/cpp_binding_generator/generator.rs	1	internal-helper	command-errors	0.0.9
crates/terlan/src/commands/bind/cpp_binding_generator/generator/bridge_rendering.rs	12	internal-helper	command-errors	0.0.9
crates/terlan/src/commands/bind/cpp_binding_generator/generator/consumer_output.rs	14	internal-helper	command-errors	0.0.9
crates/terlan/src/commands/bind/cpp_binding_generator/generator/contract_validation.rs	9	internal-helper	command-errors	0.0.9
crates/terlan/src/commands/bind/cpp_binding_generator/generator/enum_adapter.rs	4	internal-helper	command-errors	0.0.9
crates/terlan/src/commands/bind/cpp_binding_generator/generator/exception_adapter.rs	4	internal-helper	command-errors	0.0.9
crates/terlan/src/commands/bind/cpp_binding_generator/generator/native_helper/rendering.rs	18	internal-helper	command-errors	0.0.9
crates/terlan/src/commands/bind/cpp_binding_generator/generator/type_mapping_validation.rs	13	internal-helper	command-errors	0.0.9
crates/terlan/src/commands/bind/mod.rs	7	internal-helper	command-errors	0.0.9
crates/terlan/src/commands/bind/ts_dom_generator.rs	8	internal-helper	command-errors	0.0.9
crates/terlan/src/commands/bind/ts_dom_manifest.rs	2	internal-helper	command-errors	0.0.9
crates/terlan/src/commands/bind/ts_generated_artifact.rs	1	internal-helper	command-errors	0.0.9
crates/terlan/src/commands/bind/ts_input_manifest.rs	7	internal-helper	command-errors	0.0.9
crates/terlan/src/commands/build/args.rs	2	internal-helper	command-errors	0.0.9
crates/terlan/src/commands/build/build_orchestration.rs	4	internal-helper	command-errors	0.0.9
crates/terlan/src/commands/build/build_orchestration/package_outputs.rs	3	internal-helper	command-errors	0.0.9
crates/terlan/src/commands/build/build_orchestration/source_root_builds.rs	14	internal-helper	command-errors	0.0.9
crates/terlan/src/commands/build/build_orchestration/test_dependencies.rs	2	internal-helper	command-errors	0.0.9
crates/terlan/src/commands/build/js.rs	6	internal-helper	command-errors	0.0.9
crates/terlan/src/commands/build/js_assets.rs	2	internal-helper	command-errors	0.0.9
crates/terlan/src/commands/build/js_browser.rs	9	internal-helper	command-errors	0.0.9
crates/terlan/src/commands/build/js_browser/assets.rs	12	internal-helper	command-errors	0.0.9
crates/terlan/src/commands/build/js_browser/manifest.rs	4	internal-helper	command-errors	0.0.9
crates/terlan/src/commands/build/js_browser/routes.rs	10	internal-helper	command-errors	0.0.9
crates/terlan/src/commands/build/js_browser/routes/validation.rs	7	internal-helper	command-errors	0.0.9
crates/terlan/src/commands/build/js_source_classification.rs	2	internal-helper	command-errors	0.0.9
crates/terlan/src/commands/build/package_artifact.rs	17	internal-helper	command-errors	0.0.9
crates/terlan/src/commands/build/package_git.rs	14	internal-helper	command-errors	0.0.9
crates/terlan/src/commands/build/package_layout.rs	1	internal-helper	command-errors	0.0.9
crates/terlan/src/commands/build/package_publish.rs	11	internal-helper	command-errors	0.0.9
crates/terlan/src/commands/build/package_registry_mirror.rs	10	internal-helper	command-errors	0.0.9
crates/terlan/src/commands/build/project_manifest/accelerator.rs	2	internal-helper	command-errors	0.0.9
crates/terlan/src/commands/build/project_manifest/config.rs	11	internal-helper	command-errors	0.0.9
crates/terlan/src/commands/build/project_manifest/dependencies.rs	11	internal-helper	command-errors	0.0.9
crates/terlan/src/commands/build/project_manifest/deployment.rs	8	internal-helper	command-errors	0.0.9
crates/terlan/src/commands/build/project_manifest/inline_table.rs	4	internal-helper	command-errors	0.0.9
crates/terlan/src/commands/build/project_manifest/native_rust.rs	2	internal-helper	command-errors	0.0.9
crates/terlan/src/commands/build/project_manifest/parser.rs	9	internal-helper	command-errors	0.0.9
crates/terlan/src/commands/build/project_manifest/strings.rs	4	internal-helper	command-errors	0.0.9
crates/terlan/src/commands/build/project_manifest/targets.rs	8	internal-helper	command-errors	0.0.9
crates/terlan/src/commands/build/project_manifest/validation.rs	5	internal-helper	command-errors	0.0.9
crates/terlan/src/commands/build/project_manifest/vm_tls.rs	2	internal-helper	command-errors	0.0.9
crates/terlan/src/commands/build/project_roots.rs	5	internal-helper	command-errors	0.0.9
crates/terlan/src/commands/build/release_bundle.rs	10	internal-helper	command-errors	0.0.9
crates/terlan/src/commands/build/source_roots.rs	3	internal-helper	command-errors	0.0.9
crates/terlan/src/commands/build/target_gate.rs	1	internal-helper	command-errors	0.0.9
crates/terlan/src/commands/build/vm_artifact/native_debug.rs	1	internal-helper	command-errors	0.0.9
crates/terlan/src/commands/build/vm_artifact/native_image.rs	5	internal-helper	command-errors	0.0.9
crates/terlan/src/commands/build/vm_artifact/native_reuse.rs	1	internal-helper	command-errors	0.0.9
crates/terlan/src/commands/build/vm_artifact/orchestration.rs	2	internal-helper	command-errors	0.0.9
crates/terlan/src/commands/build/vm_launcher.rs	1	internal-helper	command-errors	0.0.9
crates/terlan/src/commands/build/wasm_artifact.rs	1	internal-helper	command-errors	0.0.9
crates/terlan/src/commands/build/web_toolchain.rs	4	internal-helper	command-errors	0.0.9
crates/terlan/src/commands/check/command.rs	3	internal-helper	command-errors	0.0.9
crates/terlan/src/commands/clean/mod.rs	3	internal-helper	command-errors	0.0.9
crates/terlan/src/commands/db/args.rs	3	internal-helper	command-errors	0.0.9
crates/terlan/src/commands/db/execution.rs	7	internal-helper	command-errors	0.0.9
crates/terlan/src/commands/db/history.rs	6	internal-helper	command-errors	0.0.9
crates/terlan/src/commands/db/mod.rs	2	internal-helper	command-errors	0.0.9
crates/terlan/src/commands/db/snapshot.rs	14	internal-helper	command-errors	0.0.9
crates/terlan/src/commands/deploy/mod.rs	4	internal-helper	command-errors	0.0.9
crates/terlan/src/commands/deploy/semantic.rs	8	internal-helper	command-errors	0.0.9
crates/terlan/src/commands/dev_dependencies.rs	18	internal-helper	command-errors	0.0.9
crates/terlan/src/commands/doc/mod.rs	1	internal-helper	command-errors	0.0.9
crates/terlan/src/commands/doc/validation.rs	2	internal-helper	command-errors	0.0.9
crates/terlan/src/commands/doctor/mod.rs	7	internal-helper	command-errors	0.0.9
crates/terlan/src/commands/emit_js/mod.rs	2	internal-helper	command-errors	0.0.9
crates/terlan/src/commands/emit_js/oxc_backend.rs	3	internal-helper	command-errors	0.0.9
crates/terlan/src/commands/emit_js/template_runtime.rs	3	internal-helper	command-errors	0.0.9
crates/terlan/src/commands/emit_native_metadata/artifacts.rs	3	internal-helper	command-errors	0.0.9
crates/terlan/src/commands/emit_rust/mod.rs	2	internal-helper	command-errors	0.0.9
crates/terlan/src/commands/fmt/mod.rs	3	internal-helper	command-errors	0.0.9
crates/terlan/src/commands/hover/mod.rs	1	internal-helper	command-errors	0.0.9
crates/terlan/src/commands/init/mod.rs	6	internal-helper	command-errors	0.0.9
crates/terlan/src/commands/inspect.rs	1	internal-helper	command-errors	0.0.9
crates/terlan/src/commands/lint/mod.rs	5	internal-helper	command-errors	0.0.9
crates/terlan/src/commands/lint/paths.rs	2	internal-helper	command-errors	0.0.9
crates/terlan/src/commands/migrate/mod.rs	7	internal-helper	command-errors	0.0.9
crates/terlan/src/commands/native_vector_runtime.rs	7	internal-helper	command-errors	0.0.9
crates/terlan/src/commands/process_runner.rs	1	internal-helper	command-errors	0.0.9
crates/terlan/src/commands/repl/evaluation.rs	7	internal-helper	command-errors	0.0.9
crates/terlan/src/commands/repl/interactive.rs	3	internal-helper	command-errors	0.0.9
crates/terlan/src/commands/repl/source.rs	2	internal-helper	command-errors	0.0.9
crates/terlan/src/commands/run/mod.rs	19	internal-helper	command-errors	0.0.9
crates/terlan/src/commands/scripts.rs	7	internal-helper	command-errors	0.0.9
crates/terlan/src/commands/serve/args.rs	5	internal-helper	command-errors	0.0.9
crates/terlan/src/commands/serve/channel_transport.rs	9	internal-helper	command-errors	0.0.9
crates/terlan/src/commands/serve/handler.rs	19	internal-helper	command-errors	0.0.9
crates/terlan/src/commands/serve/handler/channel_invocation.rs	6	internal-helper	command-errors	0.0.9
crates/terlan/src/commands/serve/handler/response_bridge.rs	23	internal-helper	command-errors	0.0.9
crates/terlan/src/commands/serve/handler/route.rs	1	internal-helper	command-errors	0.0.9
crates/terlan/src/commands/serve/handler/sse.rs	2	internal-helper	command-errors	0.0.9
crates/terlan/src/commands/serve/handler/sse_invocation.rs	9	internal-helper	command-errors	0.0.9
crates/terlan/src/commands/serve/handler/suspendable.rs	1	internal-helper	command-errors	0.0.9
crates/terlan/src/commands/serve/handler/websocket.rs	2	internal-helper	command-errors	0.0.9
crates/terlan/src/commands/serve/handler/websocket_invocation.rs	9	internal-helper	command-errors	0.0.9
crates/terlan/src/commands/serve/handler_cache.rs	23	internal-helper	command-errors	0.0.9
crates/terlan/src/commands/serve/handler_cache/cache_storage.rs	1	internal-helper	command-errors	0.0.9
crates/terlan/src/commands/serve/handler_cache/http_response.rs	6	internal-helper	command-errors	0.0.9
crates/terlan/src/commands/serve/handler_cache/immediate.rs	15	internal-helper	command-errors	0.0.9
crates/terlan/src/commands/serve/handler_cache/invocation.rs	12	internal-helper	command-errors	0.0.9
crates/terlan/src/commands/serve/handler_cache/protocol_capability.rs	5	internal-helper	command-errors	0.0.9
crates/terlan/src/commands/serve/handler_cache/replay_evidence.rs	2	internal-helper	command-errors	0.0.9
crates/terlan/src/commands/serve/handler_cache/request_projection.rs	1	internal-helper	command-errors	0.0.9
crates/terlan/src/commands/serve/handler_cache/router_materialization.rs	1	internal-helper	command-errors	0.0.9
crates/terlan/src/commands/serve/handler_cache/shard_owner.rs	24	internal-helper	command-errors	0.0.9
crates/terlan/src/commands/serve/handler_cache/shard_owner/capability_dispatch.rs	6	internal-helper	command-errors	0.0.9
crates/terlan/src/commands/serve/handler_cache/shard_owner/migration.rs	2	internal-helper	command-errors	0.0.9
crates/terlan/src/commands/serve/handler_cache/shard_owner/owner_loop.rs	4	internal-helper	command-errors	0.0.9
crates/terlan/src/commands/serve/handler_cache/shard_owner/owner_loop/validation.rs	4	internal-helper	command-errors	0.0.9
crates/terlan/src/commands/serve/handler_cache/shard_owner/replay_events.rs	2	internal-helper	command-errors	0.0.9
crates/terlan/src/commands/serve/handler_cache/shard_owner/timer_dispatch.rs	2	internal-helper	command-errors	0.0.9
crates/terlan/src/commands/serve/hyper_server.rs	4	internal-helper	command-errors	0.0.9
crates/terlan/src/commands/serve/manifest.rs	17	internal-helper	command-errors	0.0.9
crates/terlan/src/commands/serve/request_dispatch.rs	6	internal-helper	command-errors	0.0.9
crates/terlan/src/commands/serve/response.rs	7	internal-helper	command-errors	0.0.9
crates/terlan/src/commands/serve/response_rendering.rs	5	internal-helper	command-errors	0.0.9
crates/terlan/src/commands/serve/server_lifecycle.rs	15	internal-helper	command-errors	0.0.9
crates/terlan/src/commands/serve/server_lifecycle/vm_stream.rs	5	internal-helper	command-errors	0.0.9
crates/terlan/src/commands/serve/tls/acme_runtime.rs	17	internal-helper	command-errors	0.0.9
crates/terlan/src/commands/serve/tls/acme_runtime/cache.rs	18	internal-helper	command-errors	0.0.9
crates/terlan/src/commands/serve/tls/acme_runtime/certificate_validation.rs	12	internal-helper	command-errors	0.0.9
crates/terlan/src/commands/source_layout.rs	2	internal-helper	command-errors	0.0.9
crates/terlan/src/commands/sql_runtime.rs	11	internal-helper	command-errors	0.0.9
crates/terlan/src/commands/static_site/asset_copy.rs	2	internal-helper	command-errors	0.0.9
crates/terlan/src/commands/static_site/docs_artifacts.rs	8	internal-helper	command-errors	0.0.9
crates/terlan/src/commands/static_site/mod.rs	4	internal-helper	command-errors	0.0.9
crates/terlan/src/commands/static_site/render_values.rs	2	internal-helper	command-errors	0.0.9
crates/terlan/src/commands/static_site/routes.rs	20	internal-helper	command-errors	0.0.9
crates/terlan/src/commands/syntax_contract/mod.rs	2	internal-helper	command-errors	0.0.9
crates/terlan/src/commands/test/arguments.rs	1	internal-helper	command-errors	0.0.9
crates/terlan/src/commands/test/discovery.rs	1	internal-helper	command-errors	0.0.9
crates/terlan/src/commands/test/execution.rs	1	internal-helper	command-errors	0.0.9
crates/terlan/src/commands/test/manifest.rs	2	internal-helper	command-errors	0.0.9
crates/terlan/src/commands/test/project_context.rs	4	internal-helper	command-errors	0.0.9
crates/terlan/src/commands/test/vm_runner.rs	3	internal-helper	command-errors	0.0.9
crates/terlan/src/commands/vm.rs	6	internal-helper	command-errors	0.0.9
crates/terlan/src/commands/vm/native_reload.rs	6	internal-helper	command-errors	0.0.9
crates/terlan/src/commands/wasm_runtime.rs	14	internal-helper	command-errors	0.0.9
crates/terlan/src/compiler/api_contract.rs	4	internal-helper	compiler-errors	0.0.9
crates/terlan/src/compiler/native_ir/aggregate_types.rs	8	internal-helper	compiler-errors	0.0.9
crates/terlan/src/compiler/native_ir/application.rs	1	internal-helper	compiler-errors	0.0.9
crates/terlan/src/compiler/native_ir/application/native_packages.rs	7	internal-helper	compiler-errors	0.0.9
crates/terlan/src/compiler/native_ir/application/overloads.rs	7	internal-helper	compiler-errors	0.0.9
crates/terlan/src/compiler/native_ir/application_admission.rs	11	internal-helper	compiler-errors	0.0.9
crates/terlan/src/compiler/native_ir/callee_scalar_replacement.rs	2	internal-helper	compiler-errors	0.0.9
crates/terlan/src/compiler/native_ir/case_lowering.rs	9	internal-helper	compiler-errors	0.0.9
crates/terlan/src/compiler/native_ir/closure_conversion.rs	5	internal-helper	compiler-errors	0.0.9
crates/terlan/src/compiler/native_ir/closure_invocation.rs	7	internal-helper	compiler-errors	0.0.9
crates/terlan/src/compiler/native_ir/collection_values.rs	6	internal-helper	compiler-errors	0.0.9
crates/terlan/src/compiler/native_ir/collections.rs	11	internal-helper	compiler-errors	0.0.9
crates/terlan/src/compiler/native_ir/composed_continuation.rs	2	internal-helper	compiler-errors	0.0.9
crates/terlan/src/compiler/native_ir/constructors.rs	13	internal-helper	compiler-errors	0.0.9
crates/terlan/src/compiler/native_ir/constructors/field_types.rs	3	internal-helper	compiler-errors	0.0.9
crates/terlan/src/compiler/native_ir/constructors/structural_registry.rs	2	internal-helper	compiler-errors	0.0.9
crates/terlan/src/compiler/native_ir/continuation_sharing.rs	4	internal-helper	compiler-errors	0.0.9
crates/terlan/src/compiler/native_ir/control.rs	2	internal-helper	compiler-errors	0.0.9
crates/terlan/src/compiler/native_ir/control/gated_call.rs	1	internal-helper	compiler-errors	0.0.9
crates/terlan/src/compiler/native_ir/control/prepared_call.rs	1	internal-helper	compiler-errors	0.0.9
crates/terlan/src/compiler/native_ir/control/yield_lowering.rs	1	internal-helper	compiler-errors	0.0.9
crates/terlan/src/compiler/native_ir/control_completion.rs	1	internal-helper	compiler-errors	0.0.9
crates/terlan/src/compiler/native_ir/cranelift.rs	2	internal-helper	compiler-errors	0.0.9
crates/terlan/src/compiler/native_ir/cranelift/call_then.rs	1	internal-helper	compiler-errors	0.0.9
crates/terlan/src/compiler/native_ir/cranelift/callables.rs	1	internal-helper	compiler-errors	0.0.9
crates/terlan/src/compiler/native_ir/cranelift/expression.rs	1	internal-helper	compiler-errors	0.0.9
crates/terlan/src/compiler/native_ir/cranelift/float.rs	1	internal-helper	compiler-errors	0.0.9
crates/terlan/src/compiler/native_ir/cranelift/image_entry.rs	1	internal-helper	compiler-errors	0.0.9
crates/terlan/src/compiler/native_ir/cranelift/indirect.rs	6	internal-helper	compiler-errors	0.0.9
crates/terlan/src/compiler/native_ir/cranelift/managed.rs	4	internal-helper	compiler-errors	0.0.9
crates/terlan/src/compiler/native_ir/cranelift/setup.rs	2	internal-helper	compiler-errors	0.0.9
crates/terlan/src/compiler/native_ir/cranelift/tail_call.rs	2	internal-helper	compiler-errors	0.0.9
crates/terlan/src/compiler/native_ir/cranelift/test_support.rs	1	internal-helper	compiler-errors	0.0.9
crates/terlan/src/compiler/native_ir/cranelift/try_expr.rs	2	internal-helper	compiler-errors	0.0.9
crates/terlan/src/compiler/native_ir/cranelift/units.rs	3	internal-helper	compiler-errors	0.0.9
crates/terlan/src/compiler/native_ir/cranelift/wrapped_yield.rs	1	internal-helper	compiler-errors	0.0.9
crates/terlan/src/compiler/native_ir/expression.rs	2	internal-helper	compiler-errors	0.0.9
crates/terlan/src/compiler/native_ir/expression/bitstring_intrinsics.rs	1	internal-helper	compiler-errors	0.0.9
crates/terlan/src/compiler/native_ir/expression/bytes_intrinsics.rs	1	internal-helper	compiler-errors	0.0.9
crates/terlan/src/compiler/native_ir/expression/equality.rs	2	internal-helper	compiler-errors	0.0.9
crates/terlan/src/compiler/native_ir/expression/field_access.rs	1	internal-helper	compiler-errors	0.0.9
crates/terlan/src/compiler/native_ir/expression/float_intrinsics.rs	2	internal-helper	compiler-errors	0.0.9
crates/terlan/src/compiler/native_ir/expression/inference.rs	1	internal-helper	compiler-errors	0.0.9
crates/terlan/src/compiler/native_ir/expression/integer_intrinsics.rs	2	internal-helper	compiler-errors	0.0.9
crates/terlan/src/compiler/native_ir/expression/intrinsics.rs	1	internal-helper	compiler-errors	0.0.9
crates/terlan/src/compiler/native_ir/expression/iterator_intrinsics.rs	3	internal-helper	compiler-errors	0.0.9
crates/terlan/src/compiler/native_ir/expression/list_intrinsics.rs	2	internal-helper	compiler-errors	0.0.9
crates/terlan/src/compiler/native_ir/expression/map_intrinsics.rs	7	internal-helper	compiler-errors	0.0.9
crates/terlan/src/compiler/native_ir/expression/memory_intrinsics.rs	3	internal-helper	compiler-errors	0.0.9
crates/terlan/src/compiler/native_ir/expression/type_mapping.rs	1	internal-helper	compiler-errors	0.0.9
crates/terlan/src/compiler/native_ir/expression/value_intrinsics.rs	1	internal-helper	compiler-errors	0.0.9
crates/terlan/src/compiler/native_ir/function_lowering.rs	1	internal-helper	compiler-errors	0.0.9
crates/terlan/src/compiler/native_ir/generic_specialization.rs	3	internal-helper	compiler-errors	0.0.9
crates/terlan/src/compiler/native_ir/generic_specialization/generic_unification.rs	1	internal-helper	compiler-errors	0.0.9
crates/terlan/src/compiler/native_ir/generic_specialization/inference.rs	1	internal-helper	compiler-errors	0.0.9
crates/terlan/src/compiler/native_ir/higher_order_specialization.rs	7	internal-helper	compiler-errors	0.0.9
crates/terlan/src/compiler/native_ir/http_values.rs	9	internal-helper	compiler-errors	0.0.9
crates/terlan/src/compiler/native_ir/http_values/body_json.rs	8	internal-helper	compiler-errors	0.0.9
crates/terlan/src/compiler/native_ir/http_values/constructors.rs	7	internal-helper	compiler-errors	0.0.9
crates/terlan/src/compiler/native_ir/http_values/cookies.rs	3	internal-helper	compiler-errors	0.0.9
crates/terlan/src/compiler/native_ir/http_values/core_helpers.rs	1	internal-helper	compiler-errors	0.0.9
crates/terlan/src/compiler/native_ir/http_values/error.rs	2	internal-helper	compiler-errors	0.0.9
crates/terlan/src/compiler/native_ir/http_values/layout.rs	9	internal-helper	compiler-errors	0.0.9
crates/terlan/src/compiler/native_ir/http_values/option_string.rs	5	internal-helper	compiler-errors	0.0.9
crates/terlan/src/compiler/native_ir/http_values/response.rs	7	internal-helper	compiler-errors	0.0.9
crates/terlan/src/compiler/native_ir/http_values/security.rs	3	internal-helper	compiler-errors	0.0.9
crates/terlan/src/compiler/native_ir/http_values/session.rs	7	internal-helper	compiler-errors	0.0.9
crates/terlan/src/compiler/native_ir/http_values/traversal.rs	4	internal-helper	compiler-errors	0.0.9
crates/terlan/src/compiler/native_ir/lowering_test_support.rs	1	internal-helper	compiler-errors	0.0.9
crates/terlan/src/compiler/native_ir/native_object_test_support.rs	1	internal-helper	compiler-errors	0.0.9
crates/terlan/src/compiler/native_ir/nested_closure_lifting.rs	3	internal-helper	compiler-errors	0.0.9
crates/terlan/src/compiler/native_ir/specialization_budget.rs	1	internal-helper	compiler-errors	0.0.9
crates/terlan/src/compiler/native_ir/static_callable.rs	13	internal-helper	compiler-errors	0.0.9
crates/terlan/src/compiler/native_ir/static_callable/preflight.rs	1	internal-helper	compiler-errors	0.0.9
crates/terlan/src/compiler/native_ir/structured_case.rs	14	internal-helper	compiler-errors	0.0.9
crates/terlan/src/compiler/native_ir/structured_case/binary.rs	1	internal-helper	compiler-errors	0.0.9
crates/terlan/src/compiler/native_ir/structured_case/lowering.rs	7	internal-helper	compiler-errors	0.0.9
crates/terlan/src/compiler/native_ir/structured_case/suspending.rs	1	internal-helper	compiler-errors	0.0.9
crates/terlan/src/compiler/native_ir/structured_case/type_support.rs	4	internal-helper	compiler-errors	0.0.9
crates/terlan/src/compiler/native_ir/tail_position.rs	2	internal-helper	compiler-errors	0.0.9
crates/terlan/src/compiler/native_ir/template_values.rs	9	internal-helper	compiler-errors	0.0.9
crates/terlan/src/compiler/native_ir/template_values/render.rs	16	internal-helper	compiler-errors	0.0.9
crates/terlan/src/compiler/native_ir/try_lowering.rs	2	internal-helper	compiler-errors	0.0.9
crates/terlan/src/compiler/router.rs	11	internal-helper	compiler-errors	0.0.9
crates/terlan/src/compiler/typeck/binding_identity.rs	1	internal-helper	compiler-errors	0.0.9
crates/terlan/src/compiler/typeck/constructors.rs	2	internal-helper	compiler-errors	0.0.9
crates/terlan/src/compiler/typeck/core_ir/termination.rs	2	internal-helper	compiler-errors	0.0.9
crates/terlan/src/compiler/typeck/expression/calls.rs	2	internal-helper	compiler-errors	0.0.9
crates/terlan/src/compiler/typeck/expression/calls/imported.rs	1	internal-helper	compiler-errors	0.0.9
crates/terlan/src/compiler/typeck/expression/control_flow/comprehension.rs	1	internal-helper	compiler-errors	0.0.9
crates/terlan/src/compiler/typeck/expression/function_inference.rs	3	internal-helper	compiler-errors	0.0.9
crates/terlan/src/compiler/typeck/expression/function_inference/explicit_type_args.rs	4	internal-helper	compiler-errors	0.0.9
crates/terlan/src/compiler/typeck/expression/function_inference/trait_bounds.rs	7	internal-helper	compiler-errors	0.0.9
crates/terlan/src/compiler/typeck/expression/operators.rs	2	internal-helper	compiler-errors	0.0.9
crates/terlan/src/compiler/typeck/expression/overloads.rs	4	internal-helper	compiler-errors	0.0.9
crates/terlan/src/compiler/typeck/patterns.rs	3	internal-helper	compiler-errors	0.0.9
crates/terlan/src/compiler/typeck/patterns/binary_layout.rs	2	internal-helper	compiler-errors	0.0.9
crates/terlan/src/compiler/typeck/patterns/string_capture.rs	2	internal-helper	compiler-errors	0.0.9
crates/terlan/src/compiler/typeck/trait_conformance/negative_impls.rs	1	internal-helper	compiler-errors	0.0.9
crates/terlan/src/compiler/typeck/type_system.rs	3	internal-helper	compiler-errors	0.0.9
crates/terlan/src/compiler/typeck/type_system/map_fields.rs	1	internal-helper	compiler-errors	0.0.9
crates/terlan/src/formal_pipeline.rs	2	internal-helper	support-errors	0.0.9
crates/terlan/src/formal_pipeline/templates.rs	3	internal-helper	support-errors	0.0.9
crates/terlan/src/html/parser.rs	1	internal-helper	support-errors	0.0.9
crates/terlan/src/html/structured_render.rs	7	internal-helper	support-errors	0.0.9
crates/terlan/src/native_worker/protocol.rs	9	internal-helper	native-boundary-errors	0.0.9
crates/terlan/src/native_worker/protocol/execution.rs	10	internal-helper	native-boundary-errors	0.0.9
crates/terlan/src/native_worker/sandbox.rs	7	internal-helper	native-boundary-errors	0.0.9
crates/terlan/src/package_registry/output.rs	3	internal-helper	support-errors	0.0.9
crates/terlan/src/quality/no_default_tokio_runtime.rs	1	internal-helper	quality-errors	0.0.9
crates/terlan/src/quality/std_package_full_coverage.rs	1	internal-helper	quality-errors	0.0.9
crates/terlan/src/quality/vm_db_migration_command.rs	1	internal-helper	quality-errors	0.0.9
crates/terlan/src/runtime/native_boundary/adapter_abi.rs	4	internal-helper	native-boundary-errors	0.0.9
crates/terlan/src/runtime/native_boundary/capability_sandbox.rs	2	internal-helper	native-boundary-errors	0.0.9
crates/terlan/src/runtime/native_boundary/capability_wire.rs	5	internal-helper	native-boundary-errors	0.0.9
crates/terlan/src/runtime/native_boundary/proof_correlation.rs	2	internal-helper	native-boundary-errors	0.0.9
crates/terlan/src/runtime/native_boundary/worker_report.rs	1	internal-helper	native-boundary-errors	0.0.9
crates/terlan/src/runtime/native_image/control.rs	6	internal-helper	runtime-errors	0.0.9
crates/terlan/src/runtime/native_image/debug.rs	10	internal-helper	runtime-errors	0.0.9
crates/terlan/src/runtime/native_image/descriptor.rs	18	internal-helper	runtime-errors	0.0.9
crates/terlan/src/runtime/native_image/descriptor/callables.rs	3	internal-helper	runtime-errors	0.0.9
crates/terlan/src/runtime/native_image/descriptor/codec.rs	22	internal-helper	runtime-errors	0.0.9
crates/terlan/src/runtime/native_image/image.rs	9	internal-helper	runtime-errors	0.0.9
crates/terlan/src/runtime/native_image/managed/execution.rs	28	internal-helper	runtime-errors	0.0.9
crates/terlan/src/runtime/native_image/managed/execution/abi_types.rs	1	internal-helper	runtime-errors	0.0.9
crates/terlan/src/runtime/native_image/managed/execution/actor_transfer.rs	2	internal-helper	runtime-errors	0.0.9
crates/terlan/src/runtime/native_image/managed/execution/hibernation.rs	3	internal-helper	runtime-errors	0.0.9
crates/terlan/src/runtime/native_image/managed/layout_registry.rs	2	internal-helper	runtime-errors	0.0.9
crates/terlan/src/runtime/native_image/package_validation.rs	5	internal-helper	runtime-errors	0.0.9
crates/terlan/src/runtime/native_image/sealed.rs	8	internal-helper	runtime-errors	0.0.9
crates/terlan/src/runtime/vm/acme_worker.rs	27	internal-helper	runtime-errors	0.0.9
crates/terlan/src/runtime/vm/acme_worker/validation.rs	4	internal-helper	runtime-errors	0.0.9
crates/terlan/src/runtime/vm/actor.rs	34	internal-helper	runtime-errors	0.0.9
crates/terlan/src/runtime/vm/actor/transfer.rs	3	internal-helper	runtime-errors	0.0.9
crates/terlan/src/runtime/vm/actor_checkpoint.rs	1	internal-helper	runtime-errors	0.0.9
crates/terlan/src/runtime/vm/actor_code.rs	1	internal-helper	runtime-errors	0.0.9
crates/terlan/src/runtime/vm/actor_dynamic_module.rs	3	internal-helper	runtime-errors	0.0.9
crates/terlan/src/runtime/vm/actor_exit.rs	2	internal-helper	runtime-errors	0.0.9
crates/terlan/src/runtime/vm/actor_heap_limit.rs	1	internal-helper	runtime-errors	0.0.9
crates/terlan/src/runtime/vm/actor_initialization.rs	3	internal-helper	runtime-errors	0.0.9
crates/terlan/src/runtime/vm/actor_local_trace.rs	4	internal-helper	runtime-errors	0.0.9
crates/terlan/src/runtime/vm/actor_meta_trace.rs	4	internal-helper	runtime-errors	0.0.9
crates/terlan/src/runtime/vm/actor_native_trace.rs	4	internal-helper	runtime-errors	0.0.9
crates/terlan/src/runtime/vm/actor_postgres.rs	16	internal-helper	runtime-errors	0.0.9
crates/terlan/src/runtime/vm/actor_registry.rs	5	internal-helper	runtime-errors	0.0.9
crates/terlan/src/runtime/vm/actor_relationship.rs	8	internal-helper	runtime-errors	0.0.9
crates/terlan/src/runtime/vm/actor_spawn.rs	1	internal-helper	runtime-errors	0.0.9
crates/terlan/src/runtime/vm/actor_suspension.rs	29	internal-helper	runtime-errors	0.0.9
crates/terlan/src/runtime/vm/actor_timer.rs	9	internal-helper	runtime-errors	0.0.9
crates/terlan/src/runtime/vm/actor_timer_options.rs	5	internal-helper	runtime-errors	0.0.9
crates/terlan/src/runtime/vm/call_count.rs	4	internal-helper	runtime-errors	0.0.9
crates/terlan/src/runtime/vm/call_memory.rs	2	internal-helper	runtime-errors	0.0.9
crates/terlan/src/runtime/vm/call_time.rs	4	internal-helper	runtime-errors	0.0.9
crates/terlan/src/runtime/vm/capability_worker.rs	23	internal-helper	runtime-errors	0.0.9
crates/terlan/src/runtime/vm/capability_worker/event_pump.rs	1	internal-helper	runtime-errors	0.0.9
crates/terlan/src/runtime/vm/capability_worker/parked.rs	6	internal-helper	runtime-errors	0.0.9
crates/terlan/src/runtime/vm/capability_worker/pool.rs	12	internal-helper	runtime-errors	0.0.9
crates/terlan/src/runtime/vm/capability_worker/sandbox.rs	4	internal-helper	runtime-errors	0.0.9
crates/terlan/src/runtime/vm/code_server.rs	21	internal-helper	runtime-errors	0.0.9
crates/terlan/src/runtime/vm/code_server_compiler.rs	6	internal-helper	runtime-errors	0.0.9
crates/terlan/src/runtime/vm/coordination.rs	20	internal-helper	runtime-errors	0.0.9
crates/terlan/src/runtime/vm/coordination/inbound.rs	1	internal-helper	runtime-errors	0.0.9
crates/terlan/src/runtime/vm/debugger_control.rs	1	internal-helper	runtime-errors	0.0.9
crates/terlan/src/runtime/vm/debugger_transport.rs	13	internal-helper	runtime-errors	0.0.9
crates/terlan/src/runtime/vm/distributed_scheduler/fault.rs	15	internal-helper	runtime-errors	0.0.9
crates/terlan/src/runtime/vm/distributed_scheduler/mod.rs	25	internal-helper	runtime-errors	0.0.9
crates/terlan/src/runtime/vm/distributed_scheduler/placement_override.rs	7	internal-helper	runtime-errors	0.0.9
crates/terlan/src/runtime/vm/distributed_scheduler/source_snapshot.rs	11	internal-helper	runtime-errors	0.0.9
crates/terlan/src/runtime/vm/distributed_state.rs	4	internal-helper	runtime-errors	0.0.9
crates/terlan/src/runtime/vm/distributed_storage/deadline.rs	5	internal-helper	runtime-errors	0.0.9
crates/terlan/src/runtime/vm/distributed_storage/model.rs	3	internal-helper	runtime-errors	0.0.9
crates/terlan/src/runtime/vm/driver.rs	23	internal-helper	runtime-errors	0.0.9
crates/terlan/src/runtime/vm/driver/trace.rs	1	internal-helper	runtime-errors	0.0.9
crates/terlan/src/runtime/vm/dynamic_module.rs	7	internal-helper	runtime-errors	0.0.9
crates/terlan/src/runtime/vm/epmd/bootstrap.rs	3	internal-helper	runtime-errors	0.0.9
crates/terlan/src/runtime/vm/epmd/node_transport.rs	4	internal-helper	runtime-errors	0.0.9
crates/terlan/src/runtime/vm/epmd/transport.rs	3	internal-helper	runtime-errors	0.0.9
crates/terlan/src/runtime/vm/failure.rs	9	internal-helper	runtime-errors	0.0.9
crates/terlan/src/runtime/vm/fatal_diagnostics.rs	7	internal-helper	runtime-errors	0.0.9
crates/terlan/src/runtime/vm/fixed_scheduler_control.rs	22	internal-helper	runtime-errors	0.0.9
crates/terlan/src/runtime/vm/fixed_scheduler_telemetry.rs	17	internal-helper	runtime-errors	0.0.9
crates/terlan/src/runtime/vm/http/deadline.rs	2	internal-helper	runtime-errors	0.0.9
crates/terlan/src/runtime/vm/http/lifecycle.rs	7	internal-helper	runtime-errors	0.0.9
crates/terlan/src/runtime/vm/http/lifecycle_hooks.rs	5	internal-helper	runtime-errors	0.0.9
crates/terlan/src/runtime/vm/http/overload.rs	3	internal-helper	runtime-errors	0.0.9
crates/terlan/src/runtime/vm/http/protocol.rs	3	internal-helper	runtime-errors	0.0.9
crates/terlan/src/runtime/vm/http/protocol/exchange.rs	21	internal-helper	runtime-errors	0.0.9
crates/terlan/src/runtime/vm/http/protocol/server_runtime.rs	20	internal-helper	runtime-errors	0.0.9
crates/terlan/src/runtime/vm/http/request_read.rs	1	internal-helper	runtime-errors	0.0.9
crates/terlan/src/runtime/vm/http/request_resources.rs	2	internal-helper	runtime-errors	0.0.9
crates/terlan/src/runtime/vm/http/response_memory.rs	2	internal-helper	runtime-errors	0.0.9
crates/terlan/src/runtime/vm/http/response_wire.rs	8	internal-helper	runtime-errors	0.0.9
crates/terlan/src/runtime/vm/http/soak.rs	14	internal-helper	runtime-errors	0.0.9
crates/terlan/src/runtime/vm/http/soak_pressure.rs	2	internal-helper	runtime-errors	0.0.9
crates/terlan/src/runtime/vm/http/template_response.rs	4	internal-helper	runtime-errors	0.0.9
crates/terlan/src/runtime/vm/http_router.rs	12	internal-helper	runtime-errors	0.0.9
crates/terlan/src/runtime/vm/http_session.rs	1	internal-helper	runtime-errors	0.0.9
crates/terlan/src/runtime/vm/http_session/live_template_command.rs	4	internal-helper	runtime-errors	0.0.9
crates/terlan/src/runtime/vm/http_session/live_template_payload.rs	2	internal-helper	runtime-errors	0.0.9
crates/terlan/src/runtime/vm/http_session/live_template_repeated_diff.rs	7	internal-helper	runtime-errors	0.0.9
crates/terlan/src/runtime/vm/http_session/live_template_response.rs	6	internal-helper	runtime-errors	0.0.9
crates/terlan/src/runtime/vm/http_session/state/commands.rs	6	internal-helper	runtime-errors	0.0.9
crates/terlan/src/runtime/vm/http_session/state/runtime.rs	32	internal-helper	runtime-errors	0.0.9
crates/terlan/src/runtime/vm/io_diagnostics.rs	8	internal-helper	runtime-errors	0.0.9
crates/terlan/src/runtime/vm/io_runtime_boundary.rs	1	internal-helper	runtime-errors	0.0.9
crates/terlan/src/runtime/vm/live_template_protocol.rs	6	internal-helper	runtime-errors	0.0.9
crates/terlan/src/runtime/vm/local_trace.rs	5	internal-helper	runtime-errors	0.0.9
crates/terlan/src/runtime/vm/memory.rs	18	internal-helper	runtime-errors	0.0.9
crates/terlan/src/runtime/vm/memory/accounting_support.rs	2	internal-helper	runtime-errors	0.0.9
crates/terlan/src/runtime/vm/memory/checkpoint.rs	1	internal-helper	runtime-errors	0.0.9
crates/terlan/src/runtime/vm/memory/collection.rs	3	internal-helper	runtime-errors	0.0.9
crates/terlan/src/runtime/vm/memory/shared.rs	5	internal-helper	runtime-errors	0.0.9
crates/terlan/src/runtime/vm/memory/transfer.rs	2	internal-helper	runtime-errors	0.0.9
crates/terlan/src/runtime/vm/meta_trace.rs	4	internal-helper	runtime-errors	0.0.9
crates/terlan/src/runtime/vm/model_sync.rs	17	internal-helper	runtime-errors	0.0.9
crates/terlan/src/runtime/vm/native_boundary/deadline.rs	10	internal-helper	runtime-errors	0.0.9
crates/terlan/src/runtime/vm/native_image_diagnostics.rs	1	internal-helper	runtime-errors	0.0.9
crates/terlan/src/runtime/vm/package_transport.rs	9	internal-helper	runtime-errors	0.0.9
crates/terlan/src/runtime/vm/persistent_actor_schema.rs	5	internal-helper	runtime-errors	0.0.9
crates/terlan/src/runtime/vm/persistent_actor_store/serialization.rs	17	internal-helper	runtime-errors	0.0.9
crates/terlan/src/runtime/vm/persistent_actor_store/store.rs	13	internal-helper	runtime-errors	0.0.9
crates/terlan/src/runtime/vm/postgres/batch.rs	1	internal-helper	runtime-errors	0.0.9
crates/terlan/src/runtime/vm/postgres/completion.rs	2	internal-helper	runtime-errors	0.0.9
crates/terlan/src/runtime/vm/postgres/report.rs	1	internal-helper	runtime-errors	0.0.9
crates/terlan/src/runtime/vm/postgres/runtime.rs	20	internal-helper	runtime-errors	0.0.9
crates/terlan/src/runtime/vm/postgres_command.rs	18	internal-helper	runtime-errors	0.0.9
crates/terlan/src/runtime/vm/process.rs	16	internal-helper	runtime-errors	0.0.9
crates/terlan/src/runtime/vm/process/actor_ownership.rs	10	internal-helper	runtime-errors	0.0.9
crates/terlan/src/runtime/vm/process/identity.rs	2	internal-helper	runtime-errors	0.0.9
crates/terlan/src/runtime/vm/process/parking.rs	3	internal-helper	runtime-errors	0.0.9
crates/terlan/src/runtime/vm/process/transfer.rs	2	internal-helper	runtime-errors	0.0.9
crates/terlan/src/runtime/vm/process_alias/transfer.rs	1	internal-helper	runtime-errors	0.0.9
crates/terlan/src/runtime/vm/process_environment.rs	2	internal-helper	runtime-errors	0.0.9
crates/terlan/src/runtime/vm/protocol_task_executor.rs	15	internal-helper	runtime-errors	0.0.9
crates/terlan/src/runtime/vm/protocol_task_executor/acceptor.rs	5	internal-helper	runtime-errors	0.0.9
crates/terlan/src/runtime/vm/protocol_task_executor/local_resources.rs	2	internal-helper	runtime-errors	0.0.9
crates/terlan/src/runtime/vm/protocol_task_executor/process_ids.rs	3	internal-helper	runtime-errors	0.0.9
crates/terlan/src/runtime/vm/protocol_task_executor/server.rs	3	internal-helper	runtime-errors	0.0.9
crates/terlan/src/runtime/vm/protocol_task_executor/transport.rs	1	internal-helper	runtime-errors	0.0.9
crates/terlan/src/runtime/vm/pure_native.rs	27	internal-helper	runtime-errors	0.0.9
crates/terlan/src/runtime/vm/pure_native/direct_backend.rs	29	internal-helper	runtime-errors	0.0.9
crates/terlan/src/runtime/vm/pure_native/direct_backend/managed_http_response.rs	6	internal-helper	runtime-errors	0.0.9
crates/terlan/src/runtime/vm/pure_native/direct_backend/managed_values.rs	17	internal-helper	runtime-errors	0.0.9
crates/terlan/src/runtime/vm/pure_native/execution.rs	12	internal-helper	runtime-errors	0.0.9
crates/terlan/src/runtime/vm/pure_native/execution/debugger.rs	2	internal-helper	runtime-errors	0.0.9
crates/terlan/src/runtime/vm/pure_native/execution/entry.rs	4	internal-helper	runtime-errors	0.0.9
crates/terlan/src/runtime/vm/pure_native/execution/reply.rs	1	internal-helper	runtime-errors	0.0.9
crates/terlan/src/runtime/vm/pure_native/execution/transition_validation.rs	1	internal-helper	runtime-errors	0.0.9
crates/terlan/src/runtime/vm/pure_native/execution_runtime.rs	8	internal-helper	runtime-errors	0.0.9
crates/terlan/src/runtime/vm/pure_native/execution_runtime/actor_transfer.rs	2	internal-helper	runtime-errors	0.0.9
crates/terlan/src/runtime/vm/pure_native/execution_shard.rs	42	internal-helper	runtime-errors	0.0.9
crates/terlan/src/runtime/vm/pure_native/execution_shard/actor_transfer.rs	2	internal-helper	runtime-errors	0.0.9
crates/terlan/src/runtime/vm/pure_native/execution_shard/admission.rs	4	internal-helper	runtime-errors	0.0.9
crates/terlan/src/runtime/vm/pure_native/execution_shard/capability_ingress.rs	11	internal-helper	runtime-errors	0.0.9
crates/terlan/src/runtime/vm/pure_native/execution_shard/debugger.rs	1	internal-helper	runtime-errors	0.0.9
crates/terlan/src/runtime/vm/pure_native/execution_shard/generation_lifetime.rs	3	internal-helper	runtime-errors	0.0.9
crates/terlan/src/runtime/vm/pure_native/execution_shard/http_response.rs	3	internal-helper	runtime-errors	0.0.9
crates/terlan/src/runtime/vm/pure_native/execution_shard/lifecycle_replay.rs	3	internal-helper	runtime-errors	0.0.9
crates/terlan/src/runtime/vm/pure_native/execution_shard/timer_ingress.rs	5	internal-helper	runtime-errors	0.0.9
crates/terlan/src/runtime/vm/pure_native/io_wakeup.rs	2	internal-helper	runtime-errors	0.0.9
crates/terlan/src/runtime/vm/reference.rs	2	internal-helper	runtime-errors	0.0.9
crates/terlan/src/runtime/vm/resource.rs	9	internal-helper	runtime-errors	0.0.9
crates/terlan/src/runtime/vm/resource/transfer.rs	1	internal-helper	runtime-errors	0.0.9
crates/terlan/src/runtime/vm/scheduler.rs	17	internal-helper	runtime-errors	0.0.9
crates/terlan/src/runtime/vm/scheduler/telemetry.rs	1	internal-helper	runtime-errors	0.0.9
crates/terlan/src/runtime/vm/scheduler/transfer.rs	1	internal-helper	runtime-errors	0.0.9
crates/terlan/src/runtime/vm/scheduler_topology.rs	4	internal-helper	runtime-errors	0.0.9
crates/terlan/src/runtime/vm/source_reload.rs	8	internal-helper	runtime-errors	0.0.9
crates/terlan/src/runtime/vm/statistics.rs	2	internal-helper	runtime-errors	0.0.9
crates/terlan/src/runtime/vm/supervision.rs	12	internal-helper	runtime-errors	0.0.9
crates/terlan/src/runtime/vm/supervision/backoff.rs	9	internal-helper	runtime-errors	0.0.9
crates/terlan/src/runtime/vm/supervision/runtime.rs	2	internal-helper	runtime-errors	0.0.9
crates/terlan/src/runtime/vm/supervision/shutdown.rs	6	internal-helper	runtime-errors	0.0.9
crates/terlan/src/runtime/vm/support_bundle.rs	8	internal-helper	runtime-errors	0.0.9
crates/terlan/src/runtime/vm/system_profile.rs	1	internal-helper	runtime-errors	0.0.9
crates/terlan/src/runtime/vm/table.rs	16	internal-helper	runtime-errors	0.0.9
crates/terlan/src/runtime/vm/tcp.rs	25	internal-helper	runtime-errors	0.0.9
crates/terlan/src/runtime/vm/term_format.rs	11	internal-helper	runtime-errors	0.0.9
crates/terlan/src/runtime/vm/term_format/decoder.rs	21	internal-helper	runtime-errors	0.0.9
crates/terlan/src/runtime/vm/time.rs	2	internal-helper	runtime-errors	0.0.9
crates/terlan/src/runtime/vm/timer.rs	10	internal-helper	runtime-errors	0.0.9
crates/terlan/src/runtime/vm/timer/transfer.rs	1	internal-helper	runtime-errors	0.0.9
crates/terlan/src/runtime/vm/tls.rs	30	internal-helper	runtime-errors	0.0.9
crates/terlan/src/runtime/vm/udp.rs	9	internal-helper	runtime-errors	0.0.9
crates/terlan/src/runtime/vm/websocket/memory.rs	2	internal-helper	runtime-errors	0.0.9
crates/terlan/src/runtime/vm/websocket/state.rs	2	internal-helper	runtime-errors	0.0.9
crates/terlan/src/runtime/vm/websocket/state/framing.rs	14	internal-helper	runtime-errors	0.0.9
crates/terlan/src/runtime/vm/websocket/state/runtime.rs	36	internal-helper	runtime-errors	0.0.9
crates/terlan/src/runtime/vm/websocket_live_session.rs	1	internal-helper	runtime-errors	0.0.9
crates/terlan/src/runtime/vm/work_stealing.rs	6	internal-helper	runtime-errors	0.0.9
crates/terlan/src/validation/native_policy/mod.rs	1	internal-helper	support-errors	0.0.9
crates/terlan/src/validation/phase_manifest/mod.rs	5	internal-helper	support-errors	0.0.9
crates/terlan/src/validation/proof_baseline/mod.rs	4	internal-helper	support-errors	0.0.9
crates/terlan/src/validation/static_output/mod.rs	5	internal-helper	support-errors	0.0.9
crates/terlan/src/vm/arguments.rs	4	internal-helper	command-errors	0.0.9
crates/terlan/src/vm/cli.rs	2	internal-helper	command-errors	0.0.9
crates/terlan/src/vm/execution.rs	6	internal-helper	command-errors	0.0.9
crates/terlan/src/vm/main/framing_benchmark.rs	7	internal-helper	command-errors	0.0.9
crates/terlan/src/vm/main/inspection.rs	4	internal-helper	command-errors	0.0.9
crates/terlan/src/vm/main/native_image_runner.rs	2	internal-helper	command-errors	0.0.9
