path	category	recorded_lines	headroom_limit	hard_limit	owner	milestone
crates/terlan-archive/src/lib.rs	implementation	944	900	1000	test-structure	0.0.9
crates/terlan/src/benchmark/http_aot_performance.rs	implementation	987	900	1000	benchmark-structure	0.0.9
crates/terlan/src/benchmark/http_benchmark_support.rs	implementation	973	900	1000	benchmark-structure	0.0.9
crates/terlan/src/commands/bind/c_abi_binding_generator/generator/binding_validation.rs	implementation	991	900	1000	commands-structure	0.0.9
crates/terlan/src/commands/bind/c_abi_binding_generator/generator/safe_wrapper_rendering.rs	implementation	957	900	1000	commands-structure	0.0.9
crates/terlan/src/commands/bind/cpp_binding_generator/generator.rs	implementation	908	900	1000	commands-structure	0.0.9
crates/terlan/src/commands/bind/ts_dom_generator.rs	implementation	967	900	1000	commands-structure	0.0.9
crates/terlan/src/commands/build/project_manifest/parser.rs	implementation	921	900	1000	commands-structure	0.0.9
crates/terlan/src/commands/doc/render.rs	implementation	996	900	1000	commands-structure	0.0.9
crates/terlan/src/commands/doc/validation.rs	implementation	947	900	1000	commands-structure	0.0.9
crates/terlan/src/commands/emit_js/direct_ast.rs	implementation	981	900	1000	commands-structure	0.0.9
crates/terlan/src/commands/serve/handler_cache/shard_owner.rs	implementation	913	900	1000	commands-structure	0.0.9
crates/terlan/src/commands/static_site/mod.rs	implementation	954	900	1000	commands-structure	0.0.9
crates/terlan/src/commands/static_site/routes.rs	implementation	957	900	1000	commands-structure	0.0.9
crates/terlan/src/compiler/accelerator.rs	implementation	910	900	1000	compiler-structure	0.0.9
crates/terlan/src/compiler/accelerator/ir.rs	implementation	924	900	1000	compiler-structure	0.0.9
crates/terlan/src/compiler/hir/interface_render.rs	implementation	936	900	1000	compiler-structure	0.0.9
crates/terlan/src/compiler/native_ir/application/overloads.rs	implementation	922	900	1000	compiler-structure	0.0.9
crates/terlan/src/compiler/native_ir/cranelift/function.rs	implementation	952	900	1000	compiler-structure	0.0.9
crates/terlan/src/compiler/syntax/syntax_output/annotations.rs	implementation	978	900	1000	compiler-structure	0.0.9
crates/terlan/src/compiler/typeck/mod.rs	implementation	950	900	1000	compiler-structure	0.0.9
crates/terlan/src/compiler/typeck/trait_conformance.rs	implementation	947	900	1000	compiler-structure	0.0.9
crates/terlan/src/compiler/typeck/trait_conformance/syntax.rs	implementation	972	900	1000	compiler-structure	0.0.9
crates/terlan/src/compiler/value_lifecycle.rs	implementation	926	900	1000	compiler-structure	0.0.9
crates/terlan/src/lsp/backend/navigation.rs	implementation	931	900	1000	lsp-structure	0.0.9
crates/terlan/src/lsp/hover.rs	implementation	942	900	1000	lsp-structure	0.0.9
crates/terlan/src/quality/executable_docs_vm.rs	implementation	907	900	1000	quality-structure	0.0.9
crates/terlan/src/quality/vm_persistent_actor_performance.rs	implementation	968	900	1000	quality-structure	0.0.9
crates/terlan/src/runtime/native_boundary/dispatch/filesystem.rs	implementation	917	900	1000	runtime-structure	0.0.9
crates/terlan/src/runtime/native_image/managed/lists.rs	implementation	925	900	1000	runtime-structure	0.0.9
crates/terlan/src/runtime/native_image/managed/maps.rs	implementation	993	900	1000	runtime-structure	0.0.9
crates/terlan/src/runtime/vm/acme_worker.rs	implementation	910	900	1000	runtime-structure	0.0.9
crates/terlan/src/runtime/vm/actor.rs	implementation	922	900	1000	runtime-structure	0.0.9
crates/terlan/src/runtime/vm/actor_directory.rs	implementation	965	900	1000	runtime-structure	0.0.9
crates/terlan/src/runtime/vm/capability_worker.rs	implementation	907	900	1000	runtime-structure	0.0.9
crates/terlan/src/runtime/vm/code_server.rs	implementation	905	900	1000	runtime-structure	0.0.9
crates/terlan/src/runtime/vm/model_sync.rs	implementation	953	900	1000	runtime-structure	0.0.9
crates/terlan/src/runtime/vm/persistent_actor_telemetry.rs	implementation	984	900	1000	runtime-structure	0.0.9
crates/terlan/src/runtime/vm/postgres/libpq_worker.rs	implementation	958	900	1000	runtime-structure	0.0.9
crates/terlan/src/runtime/vm/postgres/runtime.rs	implementation	952	900	1000	runtime-structure	0.0.9
crates/terlan/src/runtime/vm/supervision.rs	implementation	917	900	1000	runtime-structure	0.0.9
crates/terlan/src/validation/proof_baseline/manifests.rs	implementation	976	900	1000	validation-structure	0.0.9
crates/terlan/src/validation/template_contract/mod.rs	implementation	985	900	1000	validation-structure	0.0.9
