# candidate_id	category	classification	owner	invariant_rationale
2db857c0958bdc41	equal-shape	distinct-invariant	c-abi-bindings	Owned and borrowed array-copy markers deliberately carry different transfer invariants despite their identical zero-data enum shape.
2c5cb49b330b3866	equal-shape	boundary-conversion	native-bindings	C and C++ parameter directions belong to independently versioned generated metadata schemas and are converted at the binding boundary.
7366a5661b05f3b9	equal-shape	boundary-conversion	native-bindings	C ABI and C++ native blocking policies describe different generated contracts and remain nominally distinct across their boundary.
87fda32d09290439	equal-shape	distinct-invariant	http-benchmarks	Protocol and lifecycle scenario evidence occupy separate report fields whose nominal types prevent cross-category benchmark attribution.
4825bfa7639b34e5	equal-shape	distinct-invariant	vm-observability	Call count memory and time keys select different test instrumentation tables and cannot be substituted across measurement dimensions.
9cdd5493a0bc26f5	equal-shape	distinct-invariant	vm-observability	Local and meta tracing keys select different production instrumentation tables and cannot be substituted across trace ownership domains.
9ff09c957f6d120c	equal-shape	boundary-conversion	native-bindings	C and C++ metadata producer identities belong to distinct generated manifest schemas and are converted only by package tooling.
a1cd4aa53aeacab9	equal-shape	distinct-invariant	boundary-errors	Publication URLs, yank arguments, support bundles, and SQL capabilities expose separate failure contracts whose nominal wrappers prevent cross-domain error substitution.
bf4b8c54ad685466	same-name	distinct-invariant	vm-memory	The managed-image A-CHAMP node owns actor-heap references while the VM map node owns persistent host-side entry indexes.
0318da26df1dd3a6	same-name	distinct-invariant	command-boundaries	Support bundle and accelerator commands parse distinct CLI schemas while JSON invocation arguments borrow native resource values with operation-specific lifetimes.
a0da7b1de2472ac4	same-name	boundary-conversion	quality-tools	Repository quality internals use textual errors while standalone quality executables preserve typed boundary failures and convert explicitly at their interface.
822d6f566417b684	same-name	distinct-invariant	quality-tools	CUDA availability and Tokio feature auditing use deliberately narrow Cargo manifest projections with different required fields.
2cf4b613b6aa4a27	same-name	phase-boundary	compiler	HIR diagnostics retain source-model context while type-check diagnostics retain inference and constraint context before rendering.
6fb73be12d27b949	same-name	platform-alternative	postgres-native	The available and unavailable libpq pollers are mutually exclusive target implementations of one cfg-selected adapter surface.
7b2db10a841e4eb7	same-name	distinct-invariant	native-ir	The HIR callable signature is a language contract while the specialization signature is a local NativeIR cache key.
1290196045574ae0	same-name	phase-boundary	html	The syntax attribute preserves Terlan source expressions while the renderer attribute owns sanitized output-ready HTML values.
4378a61e5f53cb00	same-name	phase-boundary	html	Syntax attribute values retain expressions and spreads while renderer values are normalized text or boolean output values.
a9e500ac4e8f301d	same-name	phase-boundary	html	The syntax element preserves parser spans and expressions while the rendered element owns output-tree structure.
ef00ba0725050af1	same-name	phase-boundary	html	The syntax node is compiler input and the renderer node is sanitized output so conversion is intentionally explicit.
3931b33bcd4ad4bb	same-name	distinct-invariant	lean-quality	The pull-request proof inventory and full proof-track inventory deserialize different checked TSV schemas.
f0933c5200e64ce8	same-name	metadata-runtime-boundary	native-boundary	The metadata enum is serialized capability identity while the runtime struct owns live dispatch state and resources.
9f42ba029e30055c	same-name	phase-boundary	native-aot	The compiler test dispatch signature models emitted calls while the runtime dispatch signature models admitted native execution.
5b0de8815ac153c0	same-name	metadata-boundary	native-aot	Compiler syntax signatures are semantic declarations while emitted metadata signatures are serialized artifact records.
5d60ae093b0ad837	same-name	distinct-invariant	managed-memory	List and A-CHAMP node headers encode different actor-heap layouts and are never layout-compatible.
33d5245787434c44	same-name	distinct-invariant	compiler	Aggregate-projection origins track call provenance while termination origins track recursive proof provenance.
2192ef69b1444b84	same-name	boundary-conversion	proof-correlation	Lean replay metadata is quality evidence while NativeBoundary replay metadata is runtime correlation data with explicit conversion.
eafc8944131d001a	same-name	distinct-invariant	runtime-protocols	Package-owned HTTP and EPMD requests have separate protocol contracts; VM storage requests retain backend authority and pending actor state while decoded storage-worker requests contain only validated operation payloads; PostgreSQL requests retain database operation arguments and result contracts.
88281c0212137cad	same-name	platform-specific-alias	std-libpq-readiness	Mutually exclusive Unix and Windows platform modules name the native polling source RawSource; RawFd and RawSocket preserve their respective operating-system handle widths and ownership contracts.
844758efcd0afa1a	same-name	distinct-invariant	test-infrastructure	Each server guard owns teardown for a different process harness and cannot safely stop another harness type.
7381b1f123f3ca6e	same-name	phase-boundary	compiler	HIR trait method signatures preserve declarations while type-check signatures own resolved generic and conformance state.
dab291978032205f	same-name	platform-alternative	postgres-runtime	The in-process and capability-required workers are mutually exclusive cfg-selected implementations of one VM-owned interface.
53617e174e511efd	same-name	distinct-invariant	cache-and-storage-owners	Artifact budgets reserve staging bytes and leased generations, interface budgets bound parsed source keys and idle time, and storage budgets charge actor-owned resources and retained bytes.
5606199d7387a1c3	same-name	distinct-invariant	cache-and-evidence-owners	Disk retention entries track persistent byte usage, parse entries own shared syntax results, proof admission entries bind tool contracts to executable identities, and multicore inventory entries describe invariant evidence rather than cached values.
d3c05ff033282c3c	same-name	distinct-invariant	native-build-and-runtime	Build operations classify emission accounting, binary and string pattern operations decode different versioned instruction formats, and storage operations retain lifecycle completion projections; these types are not interchangeable representations.
40ca60c6edef99da	same-name	distinct-invariant	editor-and-storage	The LSP backend owns editor client state while the storage backend owns a capability-worker event pump and deadlines, with independent lifetimes and authority.
eb1461d825e1a60c	same-name	distinct-invariant	proof-and-storage	Proof regression policy sets measurement thresholds, storage policy selects durability modes, and resource worker policy binds host capabilities and transport failure contracts.
a1bb802e5ea0e0d2	same-name	distinct-invariant	vm-state-and-storage	Distributed-state resources retain conflict-resolution values and in-memory entries, while storage resources retain encoded checkpoints, adapters, and lifecycle proofs in a separate actor-owned registry. PostgreSQL worker resources own live connections and rows while VM database resources hold fenced worker handles; scheduling resources own placement and recovery state.
b85adf0720af85d7	same-name	distinct-invariant	native-adapters	Storage adapters retain durable authority, PostgreSQL adapters retain database resources, and generic resource adapters retain owner-checked remote handles with distinct lifecycle rules.
47eb858a913caa85	same-name	distinct-invariant	deployment-commands	Cloud deployment arguments identify a remote release and idempotency scope while experimental deployment arguments select local planning actions and parse failures.
4e8022d65ef50de4	same-name	distinct-invariant	native-transports	Storage pending work owns commit uncertainty while database and generic resource pending work retain different reply projections and worker ownership contracts.
6a935250ae736a99	same-name	distinct-invariant	native-errors	Native boundary errors classify resource and ABI failures while WebSocket errors classify transport progress and connection closure for socket polling.
e13fd7c569b3d922	same-name	distinct-invariant	native-adapters	Database reply projections preserve PostgreSQL operation semantics while generic resource projections bind package operation contracts and owner-checked remote handles.
58f9bd1e5a1cded0	same-name	distinct-invariant	native-contracts	PostgreSQL worker results own database response values while HTTP descriptor results alias validated source descriptor conversion failures at the host boundary.
6cc75adb3d301d41	same-name	distinct-invariant	vm-values	Managed value materialization tasks retain allocation traversal state while value hashing tasks retain ordered hash traversal state without allocating managed objects.
377ef871b822f7f4	same-name	distinct-invariant	http-channels	SSE wire records validate event limits and keep-alive intervals while WebSocket wire records validate frame limits, binary policy, and channel pairing.
4ca5aa19d0fd4a90	same-name	distinct-invariant	native-transports	Database worker registries own PostgreSQL connection processes while generic resource worker registries enforce host-selected capability policies and package resource lifetimes.
bd5abdd15ccb4ef0	same-name	distinct-invariant	websocket-hosts	The production WebSocket hub owns rooms and peer lifecycle state while the test-only shared unit handle cannot admit peers or represent production state.
5050a5ba8472bb40	same-name	distinct-invariant	release-updates	Release discovery owns a bounded GitHub API client while WebSocket clients own transport connections and frame lifecycles.
a1a9d22ce6f6cc06	same-name	boundary-conversion	http-routing	Source route descriptors retain evaluated fields before admission while routing records contain validated paths and ordered execution callbacks.
cedf3e68d4ed8c19	same-name	boundary-conversion	http-routing	Source router descriptors describe evaluated declarations while admitted routers enforce unambiguous dispatch and executable middleware ordering.
b20465a6f8fdb642	same-name	boundary-conversion	http-routing	Source route targets retain descriptor values while admitted targets carry validated channel plans or executable handler callbacks.
